time,joint1,joint2,joint3,joint4,joint5,joint6
0.0,0.2427274424134296,0.17014370489048955,0.08978807294126312,1.4135809513190805,-0.058087786554385845,-0.24275402158729092
0.05,0.2427668299526916,0.17017131421966106,0.08954657982814677,1.4138103340154353,-0.057842447580450054,-0.24279341343957267
0.1,0.24288302261848108,0.17025276133763817,0.08883417867010156,1.4144870096208382,-0.0571187011891346,-0.24290961882870749
0.15000000000000002,0.2430730654828034,0.17038597494011468,0.08766898673908309,1.4155937694097975,-0.05593495317617734,-0.24309968250312972
0.2,0.24333400361766386,0.17056888372278436,0.08606912130704711,1.4171134046568215,-0.05430960933731616,-0.24336064921127376
0.25,0.24366288209506767,0.17079941638134105,0.08405269964594929,1.4190287066364182,-0.05226107546828893,-0.243689563701574
0.30000000000000004,0.24405674598702023,0.17107550161147853,0.08163783902774528,1.421322466623096,-0.04980775736483352,-0.24408347072246472
0.35000000000000003,0.24451264036552683,0.17139506810889063,0.0788426567243908,1.4239774758913626,-0.046968060822687806,-0.24453941502238039
0.4,0.24502761030259274,0.17175604456927113,0.07568527000784148,1.4269765257157265,-0.04376039163758967,-0.24505444134975532
0.45,0.24559870087022323,0.17215635968831386,0.07218379615005305,1.4303024073706962,-0.04020315560527696,-0.2456255944530239
0.5,0.24622295714042366,0.17259394216171262,0.06835635242298115,1.4339379121307794,-0.03631475852148757,-0.24624991908062047
0.55,0.2468974241851993,0.17306672068516119,0.0642210560985815,1.4378658312704842,-0.03211360618195936,-0.24692445998097945
0.6000000000000001,0.24761914707655547,0.17357262395435338,0.059796024448809756,1.4420689560643192,-0.027618104382430203,-0.24764626190253516
0.65,0.24838517088649747,0.174109580664983,0.055099374745621606,1.4465300777867922,-0.022846658918637987,-0.248412369593722
0.7000000000000001,0.2491925406870306,0.1746755195127439,0.05014922426097272,1.4512319877124116,-0.017817675586320567,-0.2492198278029743
0.75,0.2500383015501601,0.1752683691933298,0.04496369026681878,1.4561574771156853,-0.012549560181215827,-0.25006568127872647
0.8,0.2509194985478914,0.17588605840243457,0.03956089003511547,1.461289337271122,-0.007060718499061629,-0.2509469747694129
0.8500000000000001,0.2518331767522297,0.176526515835752,0.03395894083781848,1.4666103594532292,-0.0013695563355958541,-0.2518607530234679
0.9,0.25277638123518037,0.17718767018897585,0.028175959946883506,1.4721033349365156,0.004505520513443627,-0.2528040607893259
0.9500000000000001,0.2537461570687486,0.1778674501578,0.02223006463426617,1.477751054995489,0.01054610625231895,-0.2537739428154211
1.0,0.25473954932493975,0.17856378443791823,0.016139372171922198,1.483536310904658,0.01673379508529222,-0.25476744385018807
1.05,0.2557536030757592,0.17927460172502432,0.009921999831807256,1.48944189393853,0.023050181216625585,-0.25578160864206106
1.1,0.2567853633932121,0.17999783071481207,0.0035960648858770275,1.4954505953716144,0.029476858850581197,-0.25681348193947456
1.1500000000000001,0.2578318753493039,0.1807314001029753,-0.002820315393912795,1.5015452064784183,0.035995422191421135,-0.2578601084908628
1.2000000000000002,0.25889018401603986,0.18147323858520784,-0.009309023735606568,1.5077085185334502,0.042587465443407566,-0.2589185330446603
1.25,0.2599573344654252,0.18222127485720344,-0.01585194286724856,1.5139233228112183,0.04923458281080252,-0.25998580034930124
1.3,0.2610303717694652,0.18297343761465598,-0.02243095551688313,1.520172410586231,0.055918368497868264,-0.2610589551532201
1.35,0.26210634100016533,0.1837276555532592,-0.029027944412554595,1.5264385731329964,0.06262041670886687,-0.2621350422048513
1.4000000000000001,0.26318228722953074,0.1844818573687069,-0.03562479228230726,1.5327046017260222,0.06932232164806044,-0.26321110625262906
1.4500000000000002,0.26425525552956686,0.18523397175669293,-0.042203381854185415,1.5389532876398169,0.07600567751971112,-0.2642841920449878
1.5,0.2653222909722789,0.18598192741291109,-0.04874559585623346,1.545167422148889,0.08265207852808103,-0.265351344330362
1.55,0.26638043862967214,0.18672365303305516,-0.05523331701649567,1.551329796527746,0.08924311887743233,-0.2664096078571859
1.6,0.267426743573752,0.18745707731281894,-0.06164842806301636,1.5574232020508967,0.09576039277202708,-0.267456027373894
1.6500000000000001,0.26845825087652364,0.18818012894789626,-0.06797281172383982,1.5634304299928488,0.10218549441612751,-0.26848764762892047
1.7000000000000002,0.2694720056099924,0.1888907366339809,-0.07418835072701044,1.5693342716281107,0.10850001801399561,-0.2695015133706999
1.75,0.2704653437373992,0.18958703297165702,-0.08027871131463186,1.5751192123054383,0.1146873696870274,-0.27049496027075515
1.8,0.27143793096669006,0.1902687836335326,-0.08624184387329134,1.5807833051956026,0.12074546718101198,-0.2714676540004269
1.85,0.2723905519934168,0.19093653866457597,-0.09208255953298514,1.5863311201596528,0.12667919824484422,-0.27242037934119256
1.9000000000000001,0.2733239986076772,0.19159085308279178,-0.09780571292183395,1.5917672683754134,0.1324934948182661,-0.2733539281698529
1.9500000000000002,0.27423906259956954,0.19223228190618477,-0.1034161586679585,1.5970963610207096,0.13819328884101953,-0.27426909236320857
2.0,0.2751365357591917,0.1928613801527597,-0.10891875139947954,1.6023230092733667,0.14378351225284638,-0.27516666379806043
2.0500000000000003,0.2760172098766418,0.19347870284052113,-0.11431834574451782,1.60745182431121,0.14926909699348867,-0.2760474343512091
2.1,0.27688187674201786,0.19408480498747382,-0.11961979633119396,1.612487417312064,0.15465497500268818,-0.2769121958994555
2.15,0.2777313281454178,0.1946802416116225,-0.12482795778762873,1.6174343994537548,0.15994607822018692,-0.2777617403196001
2.2,0.27856635587693973,0.19526556773097187,-0.12994768474194293,1.6222973819141067,0.16514733858572683,-0.27859685948844387
2.25,0.2793877517266817,0.1958413383635266,-0.13498383182225715,1.6270809758709455,0.17026368803904968,-0.27941834528278736
2.3000000000000003,0.2801963074847417,0.19640810852729138,-0.13994125365669224,1.6317897925020959,0.17530005851989758,-0.2802269895794315
2.35,0.2809928149412178,0.19696643324027094,-0.1448248048733688,1.6364284429853833,0.1802613819680123,-0.2810235842551768
2.4000000000000004,0.28177806588620796,0.19751686752046996,-0.14963934010040764,1.6410015384986327,0.1851525903231358,-0.28180892118682427
2.45,0.2825528521098102,0.1980599663858931,-0.1543897139659294,1.6455136902196696,0.18997861552501,-0.28258379225117436
2.5,0.2833179654021227,0.19859628485454514,-0.15908078109805485,1.6499695093263187,0.19474438951337683,-0.28334898932502794
2.5500000000000003,0.28407419755324326,0.19912637794443078,-0.16371739612490474,1.6543736069964057,0.19945484422797818,-0.2841053042851858
2.6,0.28482234035327,0.1996508006735546,-0.16830441367459978,1.658730594407755,0.204114911608556,-0.2848535290084486
2.6500000000000004,0.285563185592301,0.2001701080599214,-0.17284668837526063,1.6630450827381926,0.2087295235948522,-0.28559445537161715
2.7,0.2862975250604343,0.20068485512153586,-0.17734907485500803,1.667321683165543,0.21330361212660864,-0.2863288752514921
2.75,0.2870261505477678,0.20119559687640268,-0.18181642774196272,1.671565006867632,0.21784210914356728,-0.28705758052487423
2.8000000000000003,0.28774985384439966,0.20170288834252653,-0.18625360166424548,1.675779665022284,0.22234994658547008,-0.28778136306856417
2.85,0.28846942674042786,0.20220728453791215,-0.19066545124997694,1.6799702688073246,0.2268320563920589,-0.2885010147593629
2.9000000000000004,0.2891856610259504,0.20270934048056422,-0.19505683112727787,1.6841414294005788,0.23129337050307563,-0.28921732747407086
2.95,0.28989934849106536,0.20320961118848743,-0.19943259592426896,1.6882977579798721,0.2357388208582622,-0.28993109308948906
3.0,0.29061128092587074,0.20370865167968646,-0.20379760026907096,1.6924438657230294,0.2401733393973606,-0.290643103482418
3.0500000000000003,0.2913222501204645,0.2042070169721661,-0.20815669878980456,1.6965843638078757,0.24460185806011267,-0.29135415052965863
3.1,0.2920330478649447,0.20470526208393097,-0.21251474611459048,1.7007238634122361,0.2490293087862604,-0.29206502610801144
3.1500000000000004,0.29274446594940956,0.20520394203298575,-0.2168765968715495,1.7048669757139365,0.25346062351554555,-0.2927765220942774
3.2,0.2934572961639568,0.20570361183733518,-0.22124710568880235,1.7090183118908013,0.2579007341877102,-0.2934894303652571
3.25,0.29417233029868467,0.20620482651498395,-0.2256311271944696,1.7131824831206561,0.2623545727424963,-0.29420454279775127
3.3000000000000003,0.2948903601436911,0.20670814108393679,-0.2300335160166721,1.7173641005813254,0.26682707111964554,-0.2949226512685608
3.35,0.29561217748907415,0.20721411056219832,-0.23445912678353056,1.7215677754506353,0.2713231612589,-0.2956445476544863
3.4000000000000004,0.2963385741249318,0.20772328996777334,-0.2389128141231657,1.7257981189064102,0.27584777510000164,-0.2963710238323285
3.45,0.2970703139417536,0.2082362147619872,-0.24339926160545425,1.7300595796464746,0.280405670800287,-0.29710284377622465
3.5,0.29780764881849414,0.20875306150344433,-0.2479200135521279,1.7343536245477855,0.28499841727534203,-0.2978402593927105
3.5500000000000003,0.29855038173197945,0.20927369208558202,-0.2524738619735405,1.738679106199062,0.28962478729787045,-0.2985830736370377
3.6,0.29929830044981215,0.20979795774068766,-0.25705950562916485,1.7430347886144952,0.29428345890464236,-0.2993310742535689
3.6500000000000004,0.3000511927395948,0.21032570970104866,-0.26167564327847376,1.7474194358082766,0.298973110132428,-0.30008404898666685
3.7,0.30080884636892996,0.21085679919895245,-0.26632097368093993,1.751831811794597,0.30369241901799754,-0.3008417855806942
3.75,0.3015710491054203,0.2113910774666864,-0.2709941955960363,1.7562706805876478,0.30844006359812126,-0.3016040717800137
3.8000000000000003,0.3023375887166684,0.21192839573653788,-0.2756940077832356,1.7607348062016202,0.31321472190956934,-0.3023706953289879
3.85,0.3031082529702768,0.21246860524079433,-0.28041910900201056,1.7652229526507053,0.3180150719891119,-0.3031414439719797
3.9000000000000004,0.3038828296338481,0.21301155721174317,-0.2851681980118342,1.7697338839490946,0.3228397918735193,-0.30391610545335157
3.95,0.3046611064749849,0.21355710288167173,-0.28993997357217893,1.7742663641109788,0.32768755959956164,-0.30469446751746637
4.0,0.3054428712612898,0.21410509348286746,-0.2947331344425179,1.7788191571505496,0.3325570532040092,-0.3054763179086867
4.05,0.3062279117603654,0.2146553802476178,-0.29954637938232376,1.7833910270819977,0.33744695072363207,-0.3062614443713752
4.1000000000000005,0.3070160157398143,0.21520781440821005,-0.30437840715106934,1.7879807379195147,0.3423559301952006,-0.30704963464989476
4.15,0.3078069709672391,0.2157622471969317,-0.3092279165082274,1.7925870536772917,0.34728266965548493,-0.30784067648860786
4.2,0.30860056521024226,0.21631852984607008,-0.3140936062132707,1.7972087383695199,0.35222584714125527,-0.3086343576318772
4.25,0.3093965862364265,0.21687651358791263,-0.31897417502567216,1.8018445560103902,0.3571841406892818,-0.30943046582406564
4.3,0.3101948218133945,0.21743604965474672,-0.3238683217049045,1.8064932706140944,0.3621562283363347,-0.3102287888095357
4.3500000000000005,0.3109950597087486,0.21799698927885983,-0.32877474501044057,1.811153646194823,0.36714078811918444,-0.31102911433265024
4.4,0.3117970876900915,0.2185591836925393,-0.3336921437017531,1.8158244467667672,0.37213649807460086,-0.3118312301377718
4.45,0.31260069352502584,0.2191224841280725,-0.3386192165383149,1.8205044363441192,0.37714203623935433,-0.31263492396926307
4.5,0.31340566498115424,0.2196867418177469,-0.34355466227959874,1.8251923789410691,0.38215608065021517,-0.3134399835714868
4.55,0.3142117898260792,0.22025180799384986,-0.34849717968507743,1.8298870385718087,0.38717730934395334,-0.31424619668880566
4.6000000000000005,0.3150188558274034,0.2208175338886688,-0.353445467514224,1.834587179250529,0.39220440035733933,-0.31505335106558235
4.65,0.31582665075272937,0.22138377073449106,-0.3583982245265108,1.8392915649914212,0.39723603172714317,-0.31586123444617953
4.7,0.31663496236965966,0.22195036976360408,-0.3633541494814109,1.8439989598086763,0.402270881490135,-0.31666963457495995
4.75,0.31744357844579685,0.2225171822082953,-0.3683119411383971,1.8487081277164858,0.40730762768308526,-0.31747833919628626
4.800000000000001,0.3182522867487437,0.22308405930085212,-0.37327029825694225,1.853417832729041,0.41234494834276403,-0.31828713605452114
4.8500000000000005,0.31906087504610264,0.22365085227356185,-0.3782279195965189,1.8581268388605325,0.41738152150594143,-0.3190958128940273
4.9,0.3198691311054763,0.22421741235871198,-0.38318350391660005,1.8628339101251519,0.4224160252093878,-0.31990415745916734
4.95,0.3206768426944673,0.2247835907885899,-0.3881357499766584,1.8675378105370908,0.4274471374898733,-0.32071195749430415
5.0,0.32148379758067813,0.2253492387954829,-0.3930833565361668,1.8722373041105396,0.4324735363841681,-0.32151900074380024
5.050000000000001,0.32228978353171156,0.22591420761167855,-0.39802502235459813,1.8769311548596899,0.4374938999290426,-0.3223250749520184
5.1000000000000005,0.3230945883151701,0.22647834846946416,-0.40295944619142504,1.8816181267987326,0.44250690616126664,-0.3231299678633212
5.15,0.3238980012481141,0.2270415136872445,-0.40788533630616536,1.8862969929654956,0.4475112427689472,-0.3239334687716989
5.2,0.3246999100229303,0.22760362454119168,-0.41280200411771767,1.8909670993098988,0.45250621020509224,-0.32473546535724035
5.25,0.3255003580073439,0.22816471143061012,-0.41770971552253455,1.8956286983941986,0.4574920786006464,-0.32553600099241947
5.300000000000001,0.3262994023408464,0.22872481440834563,-0.4226088208546041,1.900282122983804,0.4624692038687872,-0.32633513282298476
5.3500000000000005,0.32709710016292964,0.2292839735272438,-0.42749967044791437,1.9049277058441256,0.46743794192269167,-0.3271329179946849
5.4,0.32789350861308497,0.22984222884015043,-0.4323826146364534,1.909565779740573,0.4723986486755371,-0.32792941365326816
5.45,0.32868868483080416,0.23039962039991113,-0.4372580037542093,1.9141966774385566,0.4773516800405009,-0.32872467694448315
5.5,0.3294826859555789,0.2309561882593717,-0.4421261881351703,1.9188207317034864,0.4822973919307601,-0.32951876501407845
5.550000000000001,0.33027556912690054,0.2315119724713777,-0.4469875181133244,1.9234382753007726,0.4872361402594922,-0.3303117350078024
5.6000000000000005,0.3310673914842608,0.23206701308877498,-0.4518423440226596,1.9280496409958252,0.4921682809398742,-0.3311036440714037
5.65,0.33185821016715145,0.23262135016440913,-0.45669101619716407,1.9326551615540541,0.49709416988508354,-0.33189454935063073
5.7,0.3326480823150639,0.2331750237511259,-0.461533884970826,1.9372551697408693,0.5020141630082974,-0.33268450799123195
5.75,0.33343706506748977,0.233728073901771,-0.46637130067763327,1.9418499983216813,0.5069286162226929,-0.3334735771389561
5.800000000000001,0.3342252155639208,0.2342805406691901,-0.47120361365157426,1.9464399800618999,0.5118378854414476,-0.3342618139395514
5.8500000000000005,0.3350125909438485,0.23483246410622888,-0.47603117422663677,1.9510254477269349,0.5167423265777386,-0.33504927553876646
5.9,0.33579924834676456,0.23538388426573312,-0.4808543327368091,1.9556067340821968,0.521642295544743,-0.3358360190823499
5.95,0.3365852449121605,0.23593484120054847,-0.48567343951607916,1.9601841718930955,0.5265381482556382,-0.3366221017160501
6.0,0.33737063777952797,0.23648537496352057,-0.49048884489843525,1.9647580939250409,0.5314302406236013,-0.3374075805856156
6.050000000000001,0.3381554840883586,0.23703552560749522,-0.4953008992178654,1.969328832943443,0.5363189285618098,-0.338192512836795
6.1000000000000005,0.338939840978144,0.2375853331853181,-0.5001099528083576,1.9738967217137124,0.541204567983441,-0.3389769556153366
6.15,0.33972376558837575,0.23813483774983488,-0.5049163560039,1.9784620930012586,0.5460875148016717,-0.3397609660669891
6.2,0.3405073150585454,0.23868407935389124,-0.5097204591384807,1.983025279571492,0.5509681249296797,-0.3405446013375009
6.25,0.3412905465281448,0.23923309805033294,-0.5145226125460878,1.9875866141898226,0.5558467542806417,-0.3413279185726206
6.300000000000001,0.3420735171366653,0.23978193389200564,-0.5193231665607094,1.9921464296216607,0.5607237587677355,-0.3421109749180966
6.3500000000000005,0.34285628402359847,0.24033062693175508,-0.5241224715163336,1.9967050586324158,0.5655994943041379,-0.34289382751967745
6.4,0.34363890432843625,0.2408792172224269,-0.5289208777469485,2.0012628339874983,0.5704743168030265,-0.34367653352311167
6.45,0.3444214351906699,0.2414277448168668,-0.5337187355865423,2.005820088452318,0.5753485821775783,-0.34445915007414774
6.5,0.3452039337497913,0.24197624976792056,-0.5385163953691027,2.010377154792285,0.5802226463409705,-0.3452417343185342
6.550000000000001,0.3459864571452919,0.24252477212843382,-0.5433142074286181,2.01493436577281,0.5850968652063808,-0.3460243434020196
6.6000000000000005,0.34676906251666334,0.24307335195125224,-0.5481125220990768,2.0194920541593024,0.589971594686986,-0.34680703447035227
6.65,0.3475518070033973,0.24362202928922164,-0.5529116897144662,2.0240505527171724,0.5948471906959635,-0.3475898646692809
6.7,0.34833474774498535,0.24417084419518761,-0.5577120606087752,2.0286101942118298,0.5997240091464906,-0.3483728911445539
6.75,0.349117941880919,0.24471983672199588,-0.5625139851159915,2.0331713114086853,0.6046024059517445,-0.34915617104191987
6.800000000000001,0.34990144655068994,0.2452690469224922,-0.5673178135701031,2.0377342370731486,0.6094827370249024,-0.3499397615071272
6.8500000000000005,0.35068531888125865,0.24581851484073833,-0.5721238962282673,2.0422993038976522,0.6143653582010872,-0.3507237196733919
6.9,0.3514695997182321,0.24636826910811935,-0.5769324835233101,2.0468667497562953,0.6192505239013535,-0.3515080863907937
6.95,0.35225428163900124,0.24691830452163827,-0.5817435299456879,2.0514365314217504,0.6241381878914026,-0.3522928542359107
7.0,0.3530393483179972,0.2474686096376248,-0.5865569353999757,2.056008553818187,0.6290282484817556,-0.3530780068813863
7.050000000000001,0.35382478342965085,0.24801917301240878,-0.5913725997907481,2.0605827218697734,0.6339206039829334,-0.3538635279998638
7.1000000000000005,0.354610570648393,0.24856998320231996,-0.5961904230225799,2.0651589405006776,0.6388151527054562,-0.3546494012639864
7.15,0.35539669364865495,0.24912102876368822,-0.6010103050000462,2.069737114635068,0.6437117929598453,-0.3554356103463975
7.2,0.35618313610486746,0.24967229825284326,-0.6058321456277216,2.074317149197114,0.648610423056621,-0.35622213891974025
7.25,0.35696988169146154,0.250223780226115,-0.610655844810181,2.078898949110984,0.6535109413063046,-0.35700897065665804
7.300000000000001,0.3577569140828682,0.2507754632398332,-0.6154813024519993,2.0834824193008465,0.6584132460194165,-0.35779608922979406
7.3500000000000005,0.3585442169535183,0.25132733585032757,-0.6203084184577512,2.08806746469087,0.6633172355064778,-0.3585834783117917
7.4,0.3593317739778429,0.251879386613928,-0.6251370927320117,2.092653990205223,0.6682228080780089,-0.3593711215752941
7.45,0.3601195688302729,0.2524316040869643,-0.6299672251793554,2.097241900768074,0.6731298620445311,-0.36015900269294465
7.5,0.3609075851852394,0.25298397682576623,-0.6347987157043573,2.101831101303591,0.6780382957165647,-0.3609471053373867
7.550000000000001,0.36169580671717316,0.2535364933866636,-0.6396314642115923,2.106421496735944,0.6829480074046307,-0.3617354131812634
7.6000000000000005,0.3624842171005054,0.25408914232598623,-0.644465370605635,2.1110129919893,0.6878588954192499,-0.36252390989721806
7.65,0.3632728000096669,0.2546419122000638,-0.6493003347910604,2.115605491987828,0.6927708580709431,-0.36331257915789406
7.7,0.36406153911908873,0.25519479156522634,-0.6541362566724432,2.1201989016556975,0.6976837936702309,-0.3641014046359345
7.75,0.3648504181032018,0.2557477689778035,-0.6589730361543584,2.1247931259170763,0.7025976005276342,-0.36489037000398283
7.800000000000001,0.36563942063643706,0.25630083299412504,-0.6638105731413809,2.129388069696133,0.7075121769536741,-0.3656794589346823
7.8500000000000005,0.36642853039322554,0.2568539721705208,-0.6686487675380852,2.1339836379170354,0.7124274212588708,-0.36646865510067617
7.9,0.36721773104799815,0.25740717506332067,-0.6734875192490464,2.1385797355039537,0.7173432317537455,-0.3672579421746076
7.95,0.36800700627518595,0.2579604302288544,-0.678326728178839,2.1431762673810555,0.7222595067488188,-0.36804730382912015
8.0,0.3687963397492198,0.2585137262234517,-0.6831662942320383,2.147773138472509,0.7271761445546115,-0.3688367237368569
8.05,0.36958571514453076,0.25906705160344246,-0.6880061173132188,2.1523702537024834,0.7320930434816446,-0.36962618557046123
8.1,0.3703751161355497,0.25962039492515643,-0.6928460973269555,2.1569675179951466,0.7370101018404386,-0.37041567300257633
8.15,0.37116452639670766,0.26017374474492344,-0.6976861341778231,2.161564836274668,0.7419272179415144,-0.3712051697058455
8.200000000000001,0.3719539296024356,0.26072708961907337,-0.7025261277703966,2.166162113465216,0.7468442900953929,-0.37199465935291215
8.25,0.3727433094271645,0.2612804181039358,-0.7073659780092505,2.1707592544909584,0.7517612166125947,-0.37278412561641944
8.3,0.37353264954532533,0.2618337187558408,-0.7122055847989601,2.175356164276064,0.7566778958036405,-0.37357355216901067
8.35,0.37432193363134897,0.262386980131118,-0.7170448480440997,2.1799527477447027,0.7615942259790514,-0.3743629226833291
8.4,0.3751111453596665,0.26294019078609726,-0.7218836676492446,2.184548909821041,0.7665101054493482,-0.3751522208320181
8.450000000000001,0.37590026840470886,0.26349333927710833,-0.7267219435189695,2.1891445554292486,0.7714254325250512,-0.375941430287721
8.5,0.37668928644090693,0.2640464141604811,-0.7315595755578489,2.1937395894934943,0.7763401055166816,-0.37673053472308077
8.55,0.3774781831426919,0.2645994039925453,-0.7363964636704583,2.198333916937946,0.7812540227347602,-0.3775195178107411
8.6,0.3782669449278022,0.26515229925259637,-0.7412325245811566,2.2029274586630763,0.7861670995774531,-0.37830836596695316
8.65,0.37905557418618724,0.2657051016159077,-0.7460677729432144,2.207520228587324,0.7910793509313893,-0.3790970815819279
8.700000000000001,0.3798440790728438,0.2662578167988556,-0.7509022587565972,2.2121122742032506,0.7959908275928005,-0.3798856728115553
8.75,0.3806324677505564,0.26681045052327496,-0.7557360320690171,2.216703643048773,0.8009015804064263,-0.38067414781951364
8.8,0.38142074838210965,0.26736300851100114,-0.7605691429281874,2.2212943826618057,0.8058116602170069,-0.3814625147694813
8.85,0.38220892913028803,0.26791549648386914,-0.7654016413818203,2.2258845405802647,0.8107211178692812,-0.38225078182513655
8.9,0.3829970181578761,0.26846792016371407,-0.7702335774776286,2.2304741643420667,0.8156300042079894,-0.38303895715015795
8.950000000000001,0.3837850236276583,0.2690202852723711,-0.7750650012633244,2.2350633014851264,0.8205383700778709,-0.38382704890822383
9.0,0.3845729537024192,0.2695725975316751,-0.7798959627866209,2.23965199954736,0.8254462663236648,-0.3846150652630123
9.05,0.38536081654494325,0.2701248626634614,-0.7847265120952304,2.244240306066683,0.8303537437901115,-0.38540301437820196
9.1,0.38614862031801506,0.27067708638956495,-0.7895566992368653,2.248828268581011,0.8352608533219502,-0.38619090441747117
9.15,0.3869363731844191,0.271229274431821,-0.7943865742592386,2.2534159346282605,0.8401676457639207,-0.3869787435444981
9.200000000000001,0.38772408330693986,0.2717814325120645,-0.7992161872100626,2.2580033517463463,0.8450741719607625,-0.38776653992296134
9.25,0.3885117588483618,0.2723335663521307,-0.8040455881370498,2.2625905674731843,0.8499804827572149,-0.38855430171653904
9.3,0.3892994079714696,0.2728856816738546,-0.8088748270879131,2.2671776293466905,0.8548866289980179,-0.38934203708890974
9.35,0.39008703883904766,0.2734377841990712,-0.813703954110365,2.2717645849047807,0.8597926615279109,-0.39012975420375157
9.4,0.39087465961388057,0.2739898796496158,-0.8185330192521179,2.2763514816853703,0.8646986311916339,-0.3909174612247431
9.450000000000001,0.3916622784587528,0.2745419737473235,-0.8233620725608846,2.2809383672263754,0.8696045888339261,-0.39170516631556274
9.5,0.39244990353644876,0.2750940722140292,-0.8281911640843773,2.2855252890657116,0.8745105852995272,-0.39249287763988855
9.55,0.39323754300975317,0.2756461807715682,-0.8330203438703092,2.2901122947412946,0.8794166714331768,-0.3932806033613991
9.600000000000001,0.39402520504145044,0.2761983051417755,-0.8378496619663924,2.2946994317910394,0.8843228980796146,-0.3940683516437727
9.65,0.39481289779432505,0.2767504510464862,-0.8426791684203395,2.2992867477528622,0.88922931608358,-0.3948561306506878
9.700000000000001,0.39560062943116164,0.27730262420753543,-0.8475089132798633,2.30387429016468,0.8941359762898131,-0.39564394854582263
9.75,0.3963884081147445,0.27785483034675823,-0.8523389465926763,2.308462106564406,0.8990429295430528,-0.3964318134928556
9.8,0.3971762420078584,0.27840707518598984,-0.8571693184064912,2.313050244489959,0.9039502266880391,-0.39721973365546503
9.850000000000001,0.3979641392732877,0.2789593644470652,-0.8620000787690204,2.3176387514792522,0.9088579185695118,-0.3980077171973293
9.9,0.398752108073817,0.27951170385181956,-0.8668312777279765,2.322227675070202,0.9137660560322102,-0.3987957722821268
9.950000000000001,0.39954015657223074,0.28006409912208785,-0.8716629653310722,2.3268170628007243,0.918674689920874,-0.39958390707353597
10.0,0.40032829293131356,0.28061655597970525,-0.87649519162602,2.3314069622087352,0.9235838710802428,-0.4003721297352349
10.05,0.4011165253138498,0.28116908014650693,-0.8813280066605325,2.33599742083215,0.928493650355056,-0.40116044843090215
10.100000000000001,0.4019048618826241,0.2817216773443279,-0.8861614604823224,2.3405884862088846,0.9334040785900536,-0.4019488713242161
10.15,0.40269331080042087,0.28227435329500333,-0.8909956031391019,2.345180205876854,0.9383152066299749,-0.402737406578855
10.200000000000001,0.40348188023002474,0.28282711372036823,-0.8958304846785842,2.3497726273739747,0.9432270853195599,-0.40352606235849725
10.25,0.4042705783342202,0.2833799643422577,-0.9006661551484813,2.3543657982381623,0.9481397655035476,-0.4043148468268213
10.3,0.4050594121489134,0.2839329100926034,-0.9055026576873825,2.3589597594446885,0.9530532910075245,-0.4051037670205035
10.350000000000001,0.4058483748446111,0.2844859461841623,-0.9103399504222593,2.3635544712203767,0.9579676192916192,-0.40589281610930306
10.4,0.4066374502689957,0.28503906129470735,-0.9151779343199266,2.3681498394983658,0.9628826497455094,-0.40668197793913363
10.450000000000001,0.4074266220964982,0.2855922439805686,-0.9200165092849591,2.3727457692028247,0.967798280679716,-0.40747123618263836
10.5,0.4082158740015496,0.28614548279807567,-0.9248555752219317,2.377342165257922,0.9727144104047593,-0.4082605745124606
10.55,0.40900518965858085,0.2866987663035584,-0.9296950320354195,2.3819389325878264,0.9776309372311606,-0.4090499766012438
10.600000000000001,0.4097945527420229,0.28725208305334665,-0.9345347796299971,2.3865359761167064,0.9825477594694406,-0.4098394261216311
10.65,0.41058394692630673,0.2878054216037702,-0.939374717910239,2.39113320076873,0.9874647754301196,-0.4106289067462657
10.700000000000001,0.4113733558858634,0.28835877051115877,-0.9442147467807206,2.3957305114680665,0.992381883423719,-0.41141840214779096
10.75,0.4121627632951237,0.2889121183318423,-0.9490547661460162,2.4003278131388837,0.9972989817607592,-0.41220789599885027
10.8,0.41295215282851866,0.2894654536221505,-0.9538946759107012,2.404925010705351,1.0022159687517613,-0.41299737197208675
10.850000000000001,0.4137415081604792,0.29001876493841316,-0.9587343759793501,2.4095220090916363,1.0071327427072458,-0.41378681374014376
10.9,0.41453081296543653,0.29057204083696003,-0.9635737662565376,2.4141187132219084,1.0120492019377334,-0.4145762049756646
10.950000000000001,0.41532005091782137,0.2911252698741211,-0.9684127466468387,2.418715028020336,1.016965244753745,-0.4153655293512925
11.0,0.4161092056920648,0.291678440606226,-0.9732512170548284,2.4233108584110874,1.0218807694658016,-0.41615477053967076
11.05,0.4168982609625977,0.2922315415896046,-0.9780890773850813,2.4279061093183305,1.0267956743844242,-0.4169439122134427
11.100000000000001,0.4176872004038511,0.2927845613805867,-0.9829262275421724,2.432500685666236,1.031709857820133,-0.41773293804525163
11.15,0.41847600769025606,0.29333748853550207,-0.9877625674306761,2.4370944923789697,1.0366232180834487,-0.4185218317077407
11.200000000000001,0.41926466649624333,0.2938903116106805,-0.9925979969551678,2.4416874343807025,1.041535653484893,-0.41931057687355333
11.25,0.420053160496244,0.2944430191624519,-0.9974324160202219,2.4462794165956017,1.0464470623349853,-0.42009915721533275
11.3,0.4208414733646892,0.2949955997471459,-1.0022657245304136,2.450870343947836,1.0513573429442475,-0.4208875564057223
11.350000000000001,0.4216295887760096,0.2955480419210924,-1.0070978223903178,2.4554601213615745,1.0562663936232004,-0.42167575811736513
11.4,0.42241749040463633,0.29610033424062115,-1.0119286095045086,2.460048653760984,1.061174112682364,-0.4224637460229046
11.450000000000001,0.4232051619250004,0.296652465262062,-1.0167579857775615,2.4646358460702356,1.0660803984322598,-0.42325150379498405
11.5,0.42399258701153264,0.2972044235417448,-1.021585851114051,2.4692216032134966,1.0709851491834081,-0.42403901510624664
11.55,0.4247797493386641,0.29775619763599925,-1.0264121054185522,2.473805830114935,1.07588826324633,-0.4248262636293358
11.600000000000001,0.4255666325808257,0.2983077761011552,-1.0312366485956397,2.4783884316987206,1.0807896389315463,-0.42561323303689474
11.65,0.42635322041244855,0.2988591474935424,-1.0360593805498883,2.4829693128890207,1.0856891745495771,-0.4263999070015667
11.700000000000001,0.42713949650796346,0.29941030036949073,-1.0408802011858733,2.4875483786100046,1.0905867684109443,-0.42718626919599506
11.75,0.4279254445418015,0.29996122328532987,-1.0456990104081687,2.49212553378584,1.095482318826168,-0.42797230329282304
11.8,0.42871104818839356,0.30051190479738976,-1.0505157081213503,2.4967006833406975,1.1003757241057692,-0.4287579929646939
11.850000000000001,0.4294962911221707,0.3010623334620001,-1.0553301942299924,2.5012737321987433,1.1052668825602685,-0.429543321884251
11.9,0.4302811570175637,0.30161249783549077,-1.0601423686386697,2.5058445852841476,1.1101556925001868,-0.4303282737241375
11.950000000000001,0.43106562954900374,0.30216238647419147,-1.0649521312519572,2.5104131475210782,1.1150420522360451,-0.4311128321569968
12.0,0.43184969333988305,0.30271198859962184,-1.0697593877927074,2.5149793293602056,1.119925865989299,-0.43189698180453745
12.05,0.43263336474928027,0.303261315678941,-1.0745642385617988,2.519543226072512,1.1248072356581542,-0.4326807390276294
12.100000000000001,0.4334166986053906,0.30381040614485444,-1.079367019722187,2.5241051569630244,1.129686502759076,-0.43346415866047167
12.15,0.4341997520477058,0.30435930005020784,-1.084168081607859,2.528665454797153,1.1345640232052412,-0.4342472978488128
12.200000000000001,0.4349825822157174,0.3049080374478469,-1.088967774552804,2.533224452340308,1.1394401529098275,-0.4350302137384013
12.25,0.4357652462489169,0.3054566583906173,-1.0937664488910088,2.5377824823578985,1.1443152477860117,-0.43581296347498577
12.3,0.4365478012867961,0.3060052029313648,-1.0985644549564626,2.5423398776153356,1.1491896637469714,-0.4365956042043146
12.350000000000001,0.4373303044688466,0.306553711122935,-1.103362143083153,2.546896970878029,1.1540637567058838,-0.4373781930721364
12.4,0.43811281293455984,0.30710222301817375,-1.1081598636050685,2.551454094911389,1.1589378825759262,-0.4381607872241995
12.450000000000001,0.4388953838234276,0.30765077866992663,-1.1129579668561969,2.556011582480825,1.1638123972702754,-0.4389434438062526
12.5,0.4396780742749413,0.3081994181310393,-1.1177568031705258,2.5605697663517484,1.1686876567021094,-0.4397262199640441
12.55,0.4404609414285928,0.30874818145435756,-1.1225567228820443,2.5651289792895673,1.1735640167846049,-0.4405091728433226
12.600000000000001,0.44124404242387366,0.30929710869272703,-1.12735807632474,2.5696895540596936,1.1784418334309392,-0.4412923595898365
12.65,0.44202743440027525,0.3098462398989935,-1.1321612138326007,2.5742518234275362,1.1833214625542898,-0.4420758373493343
12.700000000000001,0.4428111744972894,0.31039561512600267,-1.1369664857396147,2.5788161201585056,1.1882032600678338,-0.44285966326756465
12.75,0.4435953198544077,0.31094527442660014,-1.1417742423797703,2.5833827770180116,1.1930875818847482,-0.4436438944902759
12.8,0.4443799276111217,0.31149525785363164,-1.1465848340870555,2.587952126771465,1.197974783918211,-0.4444285881632167
12.850000000000001,0.4451650549069231,0.312045605459943,-1.1513986111954586,2.5925245021842755,1.2028652220813987,-0.4452138014321354
12.9,0.44595075888130337,0.3125963572983797,-1.1562159240389671,2.5971002360218525,1.2077592522874887,-0.44599959144278056
12.950000000000001,0.4467370966737542,0.3131475534217876,-1.1610371229515695,2.6016796610496065,1.2126572304496586,-0.44678601534090084
13.0,0.4475241254237672,0.3136992338830123,-1.1658625582672537,2.6062631100329474,1.217559512481085,-0.4475731302722445
13.05,0.448311902270834,0.31425143873489964,-1.1706925803200081,2.610850915737286,1.2224664542949464,-0.44836099338256025
13.100000000000001,0.4491004843544462,0.3148042080302953,-1.175527539443821,2.615443410928032,1.2273784118044186,-0.44914966181759647
13.15,0.4498899288140954,0.3153575818220447,-1.1803677859726793,2.620040928370595,1.2322957409226794,-0.44993919272310173
13.200000000000001,0.4506802927892732,0.3159116001629939,-1.1852136702405727,2.6246438008303854,1.2372187975629065,-0.45072964324482445
13.25,0.45147163341947116,0.31646630310598844,-1.190065542581488,2.629252361072813,1.2421479376382765,-0.4515210705285132
13.3,0.452264007844181,0.317021730703874,-1.1949237533294137,2.633866941863289,1.2470835170619672,-0.45231353171991656
13.350000000000001,0.4530574732028943,0.3175779230094964,-1.1997886528183386,2.6384878759672223,1.2520258917471554,-0.453107083964783
13.4,0.4538520866351026,0.31813492007570116,-1.2046605913822495,2.6431154961500223,1.2569754176070183,-0.45390178440886086
13.450000000000001,0.45464790528029764,0.31869276195533414,-1.2095399193551355,2.6477501351771005,1.2619324505547336,-0.4546976901978989
13.5,0.45544498627797086,0.3192514887012409,-1.214426987070984,2.6523921258138667,1.2668973465034785,-0.4554948584776454
13.55,0.45624338676761406,0.31981114036626723,-1.2193221448637839,2.6570418008257306,1.27187046136643,-0.45629334639384905
13.600000000000001,0.4570431638887187,0.3203717570032589,-1.2242257430675227,2.661699492978103,1.2768521510567654,-0.4570932110922583
13.65,0.4578443747807764,0.32093337866506144,-1.2291381320161887,2.666365535036393,1.281842771487662,-0.45789450971862156
13.700000000000001,0.4586470762156988,0.32149604514685953,-1.234059659790061,2.6710402576253207,1.2868426762826972,-0.45869729905106715
13.75,0.4594512485555307,0.32205974268311255,-1.2389902059847928,2.6757235463785873,1.2918517431200431,-0.45950155944948945
13.8,0.4602567024208929,0.32262433852529865,-1.2439286094764175,2.680414298400368,1.2968687923844353,-0.4603071015137718
13.850000000000001,0.461063225579388,0.32318968390570524,-1.2488735690244073,2.6851112777048525,1.3018925021126435,-0.46111371298827697
13.9,0.4618706057986185,0.32375563005661956,-1.253823783388235,2.689813248306232,1.3069215503414373,-0.46192118161736756
13.950000000000001,0.462678630846187,0.32432202821032924,-1.2587779513273734,2.6945189742186986,1.311954615107588,-0.4627292951454063
14.0,0.46348708848969616,0.3248887295991215,-1.2637347716012954,2.699227219456443,1.316990374447865,-0.46353784131675574
14.05,0.4642957664967486,0.3254555854552838,-1.2686929429694744,2.7039367480336565,1.3220275063990388,-0.4643466078757788
14.100000000000001,0.4651044526349468,0.3260224470111036,-1.2736511641913821,2.7086463239645298,1.3270646889978797,-0.46515538256683797
14.15,0.4659129346718934,0.3265891654988682,-1.2786081340264919,2.713354711263255,1.3321006002811577,-0.46596395313429606
14.200000000000001,0.46672100037519104,0.3271555921508651,-1.2835625512342763,2.718060673944022,1.3371339182856432,-0.4667721073225158
14.25,0.4675284375124423,0.3277215781993815,-1.2885131145742084,2.722762976021024,1.342163321048106,-0.4675796328758597
14.3,0.46833503385124964,0.32828697487670505,-1.2934585228057611,2.72746038150845,1.3471874866053168,-0.46838631753869053
14.350000000000001,0.4691405771592158,0.3288516334151231,-1.2983974746884068,2.732151654420493,1.3522050929940455,-0.4691919490553711
14.4,0.4699448552039433,0.3294154050469229,-1.3033286689816186,2.736835558771343,1.3572148182510626,-0.46999631517026397
14.450000000000001,0.4707476557530348,0.32997814100439204,-1.3082508044448689,2.741510858575192,1.3622153404131379,-0.47079920362773187
14.5,0.4715487665740928,0.3305396925198177,-1.313162579837631,2.74617631784623,1.3672053375170419,-0.47160040217213745
14.55,0.47234797543471996,0.33109991082548745,-1.3180626939193774,2.75083070059865,1.3721834875995451,-0.47239969854784336
14.600000000000001,0.4731450701025188,0.33165864715368876,-1.3229498454495812,2.7554727708466418,1.3771484686974171,-0.47319688049921244
14.65,0.47393983834509196,0.3322157527367088,-1.3278227331877146,2.7601012926043964,1.382098958847428,-0.47399173577060727
14.700000000000001,0.4747320679300421,0.3327710788068351,-1.332680055893251,2.7647150298861063,1.387033636086349,-0.47478405210639063
14.75,0.47552154662497165,0.33332447659635506,-1.3375205123256626,2.7693127467059613,1.391951178450949,-0.47557361725092506
14.8,0.4763080621974834,0.33387579733755607,-1.342342801244423,2.7738932070781543,1.3968502639779994,-0.4763602189485734
14.850000000000001,0.47709140241517967,0.3344248922627256,-1.3471456214090043,2.778455175016875,1.40172957070427,-0.47714364494369826
14.9,0.47787135504566325,0.33497161260415087,-1.3519276715788797,2.7829974145363146,1.4065877766665305,-0.47792368298066235
14.950000000000001,0.47864770785653676,0.3355158095941194,-1.3566876505135217,2.787518689650665,1.4114235599015517,-0.4787001208038283
15.0,0.4794202486154026,0.33605733446491864,-1.3614242569724033,2.792017764374117,1.4162355984461035,-0.4794727461575589
15.05,0.4801887650898636,0.3365960384488359,-1.366136189714997,2.796493402720862,1.4210225703369561,-0.48024134678621677
15.100000000000001,0.4809530450475222,0.3371317727781587,-1.3708221475007765,2.8009443687050912,1.4257831536108803,-0.4810057104341647
15.15,0.48171287625598097,0.3376643886851742,-1.375480829089213,2.8053694263409956,1.4305160263046457,-0.4817656248457652
15.200000000000001,0.4824680464828426,0.33819373740217,-1.380110933239781,2.8097673396427667,1.4352198664550224,-0.48252087776538105
15.25,0.48321834349570963,0.3387196701614335,-1.3847111587119525,2.8141368726245957,1.4398933520987809,-0.4832712569373751
15.3,0.48396355506218464,0.33924203819525206,-1.3892802042652,2.818476789300673,1.4445351612726915,-0.4840165501061097
15.350000000000001,0.48470346894987026,0.33976069273591303,-1.3938167686589968,2.8227858536851906,1.4491439720135242,-0.48475654501594795
15.4,0.48543787292636903,0.34027548501570387,-1.398319550652815,2.8270628297923395,1.4537184623580492,-0.4854910294112521
15.450000000000001,0.4861667106910854,0.3407863755698166,-1.4027882050561122,2.831307389742221,1.4582582816184455,-0.48621994698526194
15.5,0.48689059475505997,0.3412937937477168,-1.4072264873001927,2.8355231006384574,1.4627672450325517,-0.4869439103160891
15.55,0.487610316906286,0.341798294565934,-1.411639252000274,2.839714573646617,1.4672502845270008,-0.4876637112784293
15.600000000000001,0.4883266689348615,0.3423004330424729,-1.416031353784476,2.843886419944525,1.471712332041534,-0.4883801417490834
15.65,0.4890404426308844,0.34280076419533806,-1.4204076472809193,2.8480432507100053,1.4761583195158932,-0.48909399360485206
15.700000000000001,0.489752429784453,0.3432998430425343,-1.424772987117725,2.852189677120886,1.480593178889821,-0.489806058722536
15.75,0.49046342218566513,0.3437982246020663,-1.4291322279230136,2.856330310354989,1.4850218421030583,-0.49051712897893607
15.8,0.49117421162461883,0.3442964638919387,-1.4334902243249064,2.860469761590142,1.4894492410953482,-0.4912279962508529
15.850000000000001,0.4918855898914121,0.34479511593015627,-1.4378518309515234,2.864612642004169,1.4938803078064318,-0.4919394524150873
15.9,0.4925983487761431,0.3452947357347237,-1.4422219024309855,2.8687635627748955,1.4983199741760513,-0.4926522893484399
15.950000000000001,0.4933132800689098,0.3457958783236456,-1.4466052933914135,2.872927135080146,1.5027731721439483,-0.4933672989277116
16.0,0.49403117555981013,0.3462990987149268,-1.4510068584609281,2.877107970097746,1.5072448336498654,-0.49408527302970295
16.05,0.4947528270389422,0.3468049519265719,-1.4554314522676504,2.881310679005521,1.5117398906335437,-0.4948070035312148
16.1,0.49547902629640406,0.3473139929765856,-1.4598839294397008,2.885539872981296,1.5162632750347258,-0.49553328230904786
16.150000000000002,0.4962105651222938,0.34782677688297275,-1.4643691446051998,2.8898001632028962,1.5208199187931533,-0.49626490124000294
16.2,0.4969482353067092,0.34834385866373774,-1.468891952392268,2.894096160848146,1.5254147538485678,-0.4970026522008805
16.25,0.49769282863974845,0.3488657933368856,-1.473457207429027,2.898432477094872,1.530052712140712,-0.4977473270684816
16.3,0.49844513691150966,0.3493931359204209,-1.4780697643435967,2.9028137231208984,1.5347387256093272,-0.4984997177196068
16.35,0.4992059519120907,0.34992644143234825,-1.482734477764098,2.90724451010405,1.5394777261941555,-0.49926061603105704
16.400000000000002,0.49997606543158973,0.3504662648906725,-1.4874562023186522,2.911729449222153,1.544274645834939,-0.5000308138796327
16.45,0.5007562692601045,0.35101316131339816,-1.4922397926353788,2.916273151653032,1.5491344164714187,-0.5008111031421348
16.5,0.5015473551877334,0.35156768571853014,-1.4970901033423996,2.9208802285745117,1.554061970043338,-0.501602275695364
16.55,0.5023501150045744,0.35213039312407307,-1.5020119890678352,2.925555291164418,1.559062238490438,-0.5024051234161211
16.6,0.5031653405007253,0.35270183854803155,-1.507010304439806,2.930302950600576,1.5641401537524604,-0.5032204381812067
16.650000000000002,0.5039938234662843,0.3532825770084103,-1.5120899040864326,2.9351278180608107,1.5693006477691473,-0.5040490118674216
16.7,0.5048363556913491,0.3538731635232142,-1.517255642635836,2.9400345047229464,1.5745486524802408,-0.5048916363515663
16.75,0.5056937289660184,0.3544741531104477,-1.5225123747161367,2.94502762176481,1.5798890998254829,-0.5057491035104422
16.8,0.5065667350803896,0.35508610078811575,-1.5278649549554557,2.950111780364226,1.585326921744615,-0.5066222052208493
16.85,0.5074561658245612,0.35570956157422284,-1.533318237981914,2.9552915916990186,1.5908670501773798,-0.5075117333595888
16.900000000000002,0.508362812988631,0.35634509048677376,-1.5388770784236314,2.960571666947014,1.5965144170635186,-0.5084184798034611
16.95,0.5092874683626967,0.35699324254377307,-1.544546330908729,2.9659566172860363,1.6022739543427729,-0.5093432364292673
17.0,0.5102309237368569,0.35765457276322576,-1.5503308500653281,2.971451053893912,1.608150593954886,-0.5102867951138078
17.05,0.5111939709012092,0.35832963616313623,-1.556235490521549,2.9770595879484656,1.6141492678395988,-0.5112499477338835
17.1,0.512177401645852,0.35901898776150937,-1.5622651069055125,2.982786830627522,1.6202749079366534,-0.5122334861662952
17.150000000000002,0.5131817422723064,0.3597229964778618,-1.5684229260802118,2.988635846973081,1.6265307924979455,-0.5132379367701955
17.2,0.514205223227672,0.36044042191562575,-1.5746980985524626,2.9945963315732462,1.632905899248383,-0.5142615297989137
17.25,0.5152448991158782,0.3611691994520504,-1.5810725654924982,3.000651131213951,1.639381881765129,-0.5153013195338524
17.3,0.5162978150089303,0.3619072577828296,-1.5875282096283634,3.0067830371697037,1.645940334252446,-0.5163543507234457
17.35,0.5173610159788335,0.362652525603657,-1.5940469136881015,3.0129748407150116,1.6525628509145953,-0.517417668116128
17.400000000000002,0.5184315470975931,0.3634029316102267,-1.6006105603997578,3.019209333124384,1.6592310259558394,-0.5184883164603339
17.45,0.5195064534372144,0.3641564044982322,-1.6072010324913752,3.0254693056723285,1.6659264535804401,-0.5195633405044973
17.5,0.5205827800697028,0.36491087296336755,-1.613800212691,3.031737549633353,1.6726307279926602,-0.520639784997053
17.55,0.5216575720670635,0.36566426570132643,-1.6203899837266753,3.037996856281967,1.6793254433967617,-0.5217146946864353
17.6,0.522727874501302,0.3664145114078026,-1.626952228326445,3.044230016892677,1.6859921939970062,-0.5227851143210782
17.650000000000002,0.5237907324444232,0.36715953877849,-1.6334688292183548,3.0504198227399923,1.6926125739976563,-0.5238480886494166
17.7,0.5248431909684327,0.36789727650908227,-1.6399216691304472,3.05654906509842,1.6991681776029735,-0.5249006624198844
17.75,0.5258822951453358,0.36862565329527336,-1.6462926307907686,3.0626005352424692,1.7056405990172208,-0.5259398803809164
17.8,0.5269050900471377,0.369342597832757,-1.652563596927362,3.068557024446648,1.7120114324446596,-0.5269627872809466
17.85,0.527908620745844,0.37004603881722703,-1.6587164502682716,3.074401323985464,1.7182622720895528,-0.5279664278684097
17.900000000000002,0.5288899323134594,0.37073390494437725,-1.6647330735415429,3.0801162251334264,1.7243747121561617,-0.5289478468917398
17.95,0.5298460698219897,0.3714041249099014,-1.6705953494752181,3.085684519165042,1.7303303468487488,-0.5299040890993714
18.0,0.5307740783434399,0.3720546274094934,-1.676285160797344,3.0910889973548197,1.7361107703715764,-0.5308321992397387
18.05,0.5316710029498156,0.372683341138847,-1.6817843902359635,3.0963124509772686,1.7416975769289065,-0.5317292220612762
18.1,0.532533888713122,0.37328819479365594,-1.6870749205191213,3.101337671306895,1.7470723607250012,-0.5325922023124184
18.150000000000002,0.5333597807053643,0.3738671170696141,-1.6921386343748617,3.1061474496182084,1.7522167159641222,-0.5334181847415995
18.2,0.5341457239985478,0.3744180366624153,-1.6969574145312283,3.1107245771857164,1.7571122368505323,-0.5342042140972539
18.25,0.5348887636646777,0.3749388822677533,-1.7015131437162665,3.1150518452839275,1.7617405175884933,-0.5349473351278159
18.3,0.5355859447757597,0.3754275825813219,-1.70578770465802,3.1191120451873493,1.7660831523822675,-0.5356445925817199
18.35,0.5362343124037989,0.375882066298815,-1.7097629800845335,3.1228879681704904,1.7701217354361167,-0.5362930312074005
18.400000000000002,0.5368309116208004,0.3763002621159262,-1.713420852723851,3.126362405507859,1.7738378609543035,-0.5368896957532917
18.45,0.5373727874987698,0.37668009872834946,-1.716743205304017,3.129518148473964,1.7772131231410895,-0.5374316309678281
18.5,0.537856985109712,0.3770195048317786,-1.7197119205530758,3.1323379883433122,1.7802291162007373,-0.5379158815994439
18.55,0.5382805495256329,0.37731640912190734,-1.7223088811990714,3.1348047163904127,1.782867434337509,-0.5383394923965737
18.6,0.5386405258185373,0.37756874029442955,-1.724515969970049,3.136901123889773,1.785109671755666,-0.5386995081076518
18.650000000000002,0.5389339590604306,0.377774427045039,-1.7263150695940517,3.1386100021159016,1.7869374226594716,-0.5389929734811124
18.7,0.5391578943233182,0.3779313980694295,-1.7276880627991247,3.139914142343307,1.7883322812531868,-0.5392169332653901
18.75,0.5393093766792053,0.37803758206329485,-1.7286168323133122,3.1407963358464968,1.7892758417410743,-0.5393684322089191
18.8,0.5393854512000974,0.37809090772232884,-1.7290832608646578,3.14123937389998,1.7897496983273966,-0.5394445150601338
18.85,0.5393831629579996,0.3780893037422254,-1.729069231181207,3.1412260477782636,1.789735445216415,-0.5394422265674685
